"date","time","location","bytes","request_ip","method","host","uri","status","referrer","user_agent","query_string","cookie","result_type","request_id","host_header","request_protocol","request_bytes","time_taken","xforwarded_for","ssl_protocol","ssl_cipher","response_result_type","http_version","fle_status","fle_encrypted_fields","c_port","time_to_first_byte","x_edge_detailed_result_type","sc_content_type","sc_content_len","sc_range_start","sc_range_end","datetime"
"2023-11-07","01:17:52","FRA56-P4","18475","45.145.68.10","GET","d1g8g08chul59y.cloudfront.net","/offshore/company-formation/seychelles/open-bank-account","200","https://www.google.com.hk/","Mozilla/5.0%20(Windows%20NT%2010.0;%20Win64;%20x64)%20AppleWebKit/537.36%20(KHTML,%20like%20Gecko)%20Chrome/118.0.0.0%20Safari/537.36","-","-","Hit","Rq48xU4NtWdw5XGyKBHuS4I5pnymtmdvHLxu9qElw3dvgb4HSNxUsA==","bbcincorp.com","https","1278","0.048","-","TLSv1.3","TLS_AES_128_GCM_SHA256","Hit","HTTP/2.0","-",,"8282","0.048","Hit","text/html",,,,"2023-11-07 01:17:52.000 UTC"
"2023-11-07","03:05:20","HIO50-C2","18793","44.230.252.91","GET","d1g8g08chul59y.cloudfront.net","/offshore/company-formation/seychelles/open-bank-account","200","-","thesis-research-bot","-","-","Hit","pGGyS6Zvsai1iApR3qdxzUQwa1F_n8f6hsKZy_trONNP7RUJDqG9CA==","bbcincorp.com","https","177","0.033","-","TLSv1.2","ECDHE-RSA-AES128-GCM-SHA256","Hit","HTTP/1.1","-",,"17656","0.033","Hit","text/html",,,,"2023-11-07 03:05:20.000 UTC"
"2023-11-07","05:31:35","SYD1-C2","18646","193.119.65.250","GET","d1g8g08chul59y.cloudfront.net","/offshore/company-formation/seychelles/open-bank-account","200","https://www.google.com/","Mozilla/5.0%20(Windows%20NT%2010.0;%20Win64;%20x64)%20AppleWebKit/537.36%20(KHTML,%20like%20Gecko)%20Chrome/118.0.0.0%20Safari/537.36","-","-","Hit","TzStIdk6c084C_clOoD7aB8kXw7otLaTyNgBVDFiVf80lxCGb1SCjw==","bbcincorp.com","https","510","0.644","-","TLSv1.3","TLS_AES_128_GCM_SHA256","Hit","HTTP/2.0","-",,"62808","0.644","Hit","text/html",,,,"2023-11-07 05:31:35.000 UTC"
"2023-11-07","05:48:04","ATL59-P2","18737","66.249.66.197","GET","d1g8g08chul59y.cloudfront.net","/offshore/company-formation/seychelles/open-bank-account","200","-","Mozilla/5.0%20(Linux;%20Android%2013;%20Pixel%207)%20AppleWebKit/537.36%20(KHTML,%20like%20Gecko)%20Chrome/118.0.5993.117%20Mobile%20Safari/537.36%20(compatible;%20Googlebot/2.1;%20+http://www.google.com/bot.html)","-","-","Miss","qbj_wwK1zCXMaP4SBXqVM7wD81TznGbijSg8Oih-3s1zDunnDwoVMw==","bbcincorp.com","https","584","0.153","-","TLSv1.3","TLS_AES_128_GCM_SHA256","Miss","HTTP/1.1","-",,"47786","0.153","Miss","text/html",,,,"2023-11-07 05:48:04.000 UTC"
"2023-11-07","07:52:14","FRA56-P4","18473","82.79.141.104","GET","d1g8g08chul59y.cloudfront.net","/offshore/company-formation/seychelles/open-bank-account","200","https://bbcincorp.com/offshore/company-formation/seychelles","Mozilla/5.0%20(Windows%20NT%2010.0;%20Win64;%20x64)%20AppleWebKit/537.36%20(KHTML,%20like%20Gecko)%20Chrome/118.0.0.0%20Safari/537.36","-","-","Hit","kUSEVY1CZBF4Dd4QVAy8PLh_YDhHnwdh6p9P49iJAsl8gqJ5Itm_uw==","bbcincorp.com","https","316","0.038","-","TLSv1.3","TLS_AES_128_GCM_SHA256","Hit","HTTP/2.0","-",,"49940","0.038","Hit","text/html",,,,"2023-11-07 07:52:14.000 UTC"
"2023-11-07","09:05:43","FRA56-P4","18474","54.36.148.76","GET","d1g8g08chul59y.cloudfront.net","/offshore/company-formation/seychelles/open-bank-account","200","-","Mozilla/5.0%20(compatible;%20AhrefsBot/7.0;%20+http://ahrefs.com/robot/)","-","-","Hit","RL-sHQMatfAL6q4lG4zGRvmzuhgLBtSHObbjVVu2UBIEp5-XJuqiqw==","bbcincorp.com","https","135","0.046","-","TLSv1.3","TLS_AES_128_GCM_SHA256","Hit","HTTP/2.0","-",,"27525","0.046","Hit","text/html",,,,"2023-11-07 09:05:43.000 UTC"
"2023-11-07","09:19:38","SIN2-P2","19457","13.213.73.45","GET","d1g8g08chul59y.cloudfront.net","/offshore/company-formation/seychelles/open-bank-account","200","https://bbcincorp.com/offshore/company-formation/seychelles/open-bank-account","WordPress/6.1.4;%20https://testwebp.bbcincorp.com","-","-","Hit","6KpVKutidPA2KnXTiGuQaXnEnbYLf2xc-IxXmdHigv0YNstKkq-_SA==","bbcincorp.com","https","311","0.029","-","TLSv1.3","TLS_AES_128_GCM_SHA256","Hit","HTTP/1.1","-",,"58142","0.029","Hit","text/html",,,,"2023-11-07 09:19:38.000 UTC"
"2023-11-07","09:19:38","SIN2-P2","899","13.213.73.45","HEAD","d1g8g08chul59y.cloudfront.net","/offshore/company-formation/seychelles/open-bank-account","200","https://bbcincorp.com/offshore/company-formation/seychelles/open-bank-account","WordPress/6.1.4;%20https://testwebp.bbcincorp.com","-","-","Hit","qMlX7B23lF7dEHPoky76Qfx5KDUpustZI0K4CsoUgBWhaGfwkPIrTw==","bbcincorp.com","https","312","0.026","-","TLSv1.3","TLS_AES_128_GCM_SHA256","Hit","HTTP/1.1","-",,"44362","0.026","Hit","text/html",,,,"2023-11-07 09:19:38.000 UTC"
"2023-11-07","09:28:45","SIN2-P2","897","13.213.73.45","HEAD","d1g8g08chul59y.cloudfront.net","/offshore/company-formation/seychelles/open-bank-account","200","https://bbcincorp.com/offshore/company-formation/seychelles/open-bank-account","WordPress/6.1.4;%20https://testwebp.bbcincorp.com","-","-","Hit","Ri9FMvxmcvV4imrjchQkhas5y2NRgrKw1c20fjYCqH4_v_vh9IKmug==","bbcincorp.com","https","312","0.028","-","TLSv1.3","TLS_AES_128_GCM_SHA256","Hit","HTTP/1.1","-",,"57440","0.028","Hit","text/html",,,,"2023-11-07 09:28:45.000 UTC"
"2023-11-07","09:35:09","SIN2-P2","19448","13.213.73.45","GET","d1g8g08chul59y.cloudfront.net","/offshore/company-formation/seychelles/open-bank-account","200","https://bbcincorp.com/offshore/company-formation/seychelles/open-bank-account","WordPress/6.1.4;%20https://testwebp.bbcincorp.com","-","-","Hit","Gh2qb-Z0ReH0S0cnRR9mVH2McrsZ0m4aQ676SmMReMoaXO6CpvWeXg==","bbcincorp.com","https","311","0.028","-","TLSv1.3","TLS_AES_128_GCM_SHA256","Hit","HTTP/1.1","-",,"45836","0.028","Hit","text/html",,,,"2023-11-07 09:35:09.000 UTC"
"2023-11-07","09:35:09","SIN2-P2","897","13.213.73.45","HEAD","d1g8g08chul59y.cloudfront.net","/offshore/company-formation/seychelles/open-bank-account","200","https://bbcincorp.com/offshore/company-formation/seychelles/open-bank-account","WordPress/6.1.4;%20https://testwebp.bbcincorp.com","-","-","Hit","Yk7TOnEfmh6FUvbFkGYihJQDwMN6_GUGWz_8XC8QNz0F7rkrvAlcuw==","bbcincorp.com","https","312","0.031","-","TLSv1.3","TLS_AES_128_GCM_SHA256","Hit","HTTP/1.1","-",,"45828","0.031","Hit","text/html",,,,"2023-11-07 09:35:09.000 UTC"
"2023-11-07","09:35:21","SIN2-P2","897","13.213.73.45","HEAD","d1g8g08chul59y.cloudfront.net","/offshore/company-formation/seychelles/open-bank-account","200","https://bbcincorp.com/offshore/company-formation/seychelles/open-bank-account","WordPress/6.1.4;%20https://testwebp.bbcincorp.com","-","-","Hit","nOFTMqTBU1qhMCsE8539j3TgqULwT9Z6plFcDvLL7V3VKB5e6nQNfg==","bbcincorp.com","https","312","0.031","-","TLSv1.3","TLS_AES_128_GCM_SHA256","Hit","HTTP/1.1","-",,"48182","0.031","Hit","text/html",,,,"2023-11-07 09:35:21.000 UTC"
"2023-11-07","09:35:21","SIN2-P2","19448","13.213.73.45","GET","d1g8g08chul59y.cloudfront.net","/offshore/company-formation/seychelles/open-bank-account","200","https://bbcincorp.com/offshore/company-formation/seychelles/open-bank-account","WordPress/6.1.4;%20https://testwebp.bbcincorp.com","-","-","Hit","0jG9cHcVEKfxnbhcr97SBXBetw_AHdfJ768FXhUVXhws_TCC6N1XzQ==","bbcincorp.com","https","311","0.028","-","TLSv1.3","TLS_AES_128_GCM_SHA256","Hit","HTTP/1.1","-",,"49840","0.028","Hit","text/html",,,,"2023-11-07 09:35:21.000 UTC"
"2023-11-07","09:40:48","SIN2-P2","897","13.213.73.45","HEAD","d1g8g08chul59y.cloudfront.net","/offshore/company-formation/seychelles/open-bank-account","200","https://bbcincorp.com/offshore/company-formation/seychelles/open-bank-account","WordPress/6.1.4;%20https://testwebp.bbcincorp.com","-","-","Hit","nTNTZW3-7bfS-0zxiosuKCsRvLqqmehUhOvdNKUOwQgW-C60T7L5WA==","bbcincorp.com","https","312","0.035","-","TLSv1.3","TLS_AES_128_GCM_SHA256","Hit","HTTP/1.1","-",,"39148","0.035","Hit","text/html",,,,"2023-11-07 09:40:48.000 UTC"
"2023-11-07","09:40:50","SIN2-P2","897","13.213.73.45","HEAD","d1g8g08chul59y.cloudfront.net","/offshore/company-formation/seychelles/open-bank-account","200","https://bbcincorp.com/offshore/company-formation/seychelles/open-bank-account","WordPress/6.1.4;%20https://testwebp.bbcincorp.com","-","-","Hit","9PfQOv1lc_x_advuqCNdoNB9YtZv7r-B6USmQKFnwuaEQ675MVb1bg==","bbcincorp.com","https","312","0.027","-","TLSv1.3","TLS_AES_128_GCM_SHA256","Hit","HTTP/1.1","-",,"40530","0.027","Hit","text/html",,,,"2023-11-07 09:40:50.000 UTC"
"2023-11-07","09:40:51","SIN2-P2","897","13.213.73.45","HEAD","d1g8g08chul59y.cloudfront.net","/offshore/company-formation/seychelles/open-bank-account","200","https://bbcincorp.com/offshore/company-formation/seychelles/open-bank-account","WordPress/6.1.4;%20https://testwebp.bbcincorp.com","-","-","Hit","5_MDGDCce_FHJ3jrvSqDUXMFAulp92K3MQ2iu8WeD1wz_T8KhkoM1Q==","bbcincorp.com","https","312","0.028","-","TLSv1.3","TLS_AES_128_GCM_SHA256","Hit","HTTP/1.1","-",,"46496","0.028","Hit","text/html",,,,"2023-11-07 09:40:51.000 UTC"
"2023-11-07","09:40:51","SIN2-P2","897","13.213.73.45","HEAD","d1g8g08chul59y.cloudfront.net","/offshore/company-formation/seychelles/open-bank-account","200","https://bbcincorp.com/offshore/company-formation/seychelles/open-bank-account","WordPress/6.1.4;%20https://testwebp.bbcincorp.com","-","-","Hit","IsBgkQ1sPw0FSY1AzUHEdgpNdE4gR2g3yys0z_CnE4W9Gwjw7UHo9w==","bbcincorp.com","https","312","0.029","-","TLSv1.3","TLS_AES_128_GCM_SHA256","Hit","HTTP/1.1","-",,"40612","0.029","Hit","text/html",,,,"2023-11-07 09:40:51.000 UTC"
"2023-11-07","09:40:53","SIN2-P2","897","13.213.73.45","HEAD","d1g8g08chul59y.cloudfront.net","/offshore/company-formation/seychelles/open-bank-account","200","https://bbcincorp.com/offshore/company-formation/seychelles/open-bank-account","WordPress/6.1.4;%20https://testwebp.bbcincorp.com","-","-","Hit","gsLMADvm74lUgFihcoHjDoE2Se6gbnQWj1_rTwjMJ0X0dkxJv2NJiw==","bbcincorp.com","https","312","0.029","-","TLSv1.3","TLS_AES_128_GCM_SHA256","Hit","HTTP/1.1","-",,"58090","0.029","Hit","text/html",,,,"2023-11-07 09:40:53.000 UTC"
"2023-11-07","10:12:36","HIO50-C1","18793","52.25.208.208","GET","d1g8g08chul59y.cloudfront.net","/offshore/company-formation/seychelles/open-bank-account","200","-","thesis-research-bot","-","-","Hit","qeJkBbh1EUN7Z5fdUi0gitR8F765G4MlGjOVOhqIzRJLi_sjiFTYqQ==","bbcincorp.com","https","177","0.043","-","TLSv1.2","ECDHE-RSA-AES128-GCM-SHA256","Hit","HTTP/1.1","-",,"56953","0.043","Hit","text/html",,,,"2023-11-07 10:12:36.000 UTC"
"2023-11-07","11:03:16","BNE50-P2","18642","115.64.210.215","GET","d1g8g08chul59y.cloudfront.net","/offshore/company-formation/seychelles/open-bank-account","200","https://bbcincorp.com/offshore/company-formation/seychelles/other-services","Mozilla/5.0%20(Macintosh;%20Intel%20Mac%20OS%20X%2010_15_7)%20AppleWebKit/537.36%20(KHTML,%20like%20Gecko)%20Chrome/119.0.0.0%20Safari/537.36","-","-","RefreshHit","Mmxxspy0sgcpq5yhNP_wiw4rl0IvkiOAMW48Waba9TcTAp_378-lJw==","bbcincorp.com","https","551","0.83","-","TLSv1.3","TLS_AES_128_GCM_SHA256","RefreshHit","HTTP/2.0","-",,"64413","0.83","RefreshHit","text/html",,,,"2023-11-07 11:03:16.000 UTC"
"2023-11-07","11:08:26","GRU1-P1","18411","149.102.233.211","GET","d1g8g08chul59y.cloudfront.net","/offshore/company-formation/seychelles/open-bank-account","200","https://bbcincorp.com/","Mozilla/5.0%20(Windows%20NT%2010.0;%20Win64;%20x64)%20AppleWebKit/537.36%20(KHTML,%20like%20Gecko)%20Chrome/117.0.0.0%20Safari/537.36%20OPR/103.0.0.0","-","-","Miss","YkLulMked2ycGXwtTApfY77vif3a3OTHDOPMZMD9flXACquGM3LD5g==","bbcincorp.com","https","546","0.445","-","TLSv1.3","TLS_AES_128_GCM_SHA256","Miss","HTTP/2.0","-",,"18389","0.445","Miss","text/html",,,,"2023-11-07 11:08:26.000 UTC"
"2023-11-07","11:47:19","VIE50-P1","18470","149.200.125.139","GET","d1g8g08chul59y.cloudfront.net","/offshore/company-formation/seychelles/open-bank-account","200","https://bbcincorp.com/offshore/company-formation/seychelles?gad_source=1","Mozilla/5.0%20(Windows%20NT%2010.0;%20Win64;%20x64;%20rv:109.0)%20Gecko/20100101%20Firefox/119.0","-","-","RefreshHit","dxi2ZNcNSgY-6nIxplJLqYZ86NpPW_c4V6654KHtSRKKjnSBnHoCug==","bbcincorp.com","https","669","0.163","-","TLSv1.3","TLS_AES_128_GCM_SHA256","RefreshHit","HTTP/2.0","-",,"54794","0.163","RefreshHit","text/html",,,,"2023-11-07 11:47:19.000 UTC"
"2023-11-07","12:21:04","GRU1-P1","18408","149.102.233.211","GET","d1g8g08chul59y.cloudfront.net","/offshore/company-formation/seychelles/open-bank-account","200","-","Mozilla/5.0%20(Windows%20NT%2010.0;%20Win64;%20x64)%20AppleWebKit/537.36%20(KHTML,%20like%20Gecko)%20Chrome/117.0.0.0%20Safari/537.36%20OPR/103.0.0.0","-","-","Hit","3GjaacaHuHZbtDMQ_aRDHnByC1OfyyP_wvrhay779Fz2l4jVg91MIg==","bbcincorp.com","https","384","0.648","-","TLSv1.3","TLS_AES_128_GCM_SHA256","Hit","HTTP/2.0","-",,"18243","0.648","Hit","text/html",,,,"2023-11-07 12:21:04.000 UTC"
"2023-11-07","12:28:37","FJR50-C1","18513","92.99.34.106","GET","d1g8g08chul59y.cloudfront.net","/offshore/company-formation/seychelles/open-bank-account","200","https://www.google.com/","Mozilla/5.0%20(Macintosh;%20Intel%20Mac%20OS%20X%2010_15_7)%20AppleWebKit/605.1.15%20(KHTML,%20like%20Gecko)%20Version/16.5%20Safari/605.1.15","-","-","Miss","4tzGwyzUD4KemFuA0uJfUqIesjMBrB0oQUYxzd8Y394jQqfcM4zWrQ==","bbcincorp.com","https","807","0.866","-","TLSv1.3","TLS_AES_128_GCM_SHA256","Miss","HTTP/2.0","-",,"49738","0.636","Miss","text/html",,,,"2023-11-07 12:28:37.000 UTC"
"2023-11-07","14:12:37","NRT57-C2","649","219.100.194.38","HEAD","d1g8g08chul59y.cloudfront.net","/offshore/company-formation/seychelles/open-bank-account","200","-","Mozilla/5.0%20(Windows%20NT%2010.0;%20Win64;%20x64)%20AppleWebKit/537.36%20(KHTML,%20like%20Gecko)%20Chrome/119.0.0.0%20Safari/537.36","-","-","Miss","M1y8yFNeq8lzDfzBYkMzsxi4NGfZ9kIdz3JlOMyOWv46zuLOAHQxFQ==","bbcincorp.com","https","71","0.405","-","TLSv1.3","TLS_AES_128_GCM_SHA256","Miss","HTTP/2.0","-",,"50387","0.405","Miss","text/html",,,,"2023-11-07 14:12:37.000 UTC"
"2023-11-07","14:42:09","NRT57-C2","654","219.100.194.38","HEAD","d1g8g08chul59y.cloudfront.net","/offshore/company-formation/seychelles/open-bank-account","200","-","Mozilla/5.0%20(Windows%20NT%2010.0;%20Win64;%20x64)%20AppleWebKit/537.36%20(KHTML,%20like%20Gecko)%20Chrome/119.0.0.0%20Safari/537.36","-","-","Hit","HLb7ahTdJNuA2af6BuXfwdJ5VzakNa98swQepkADAhFI9dfD5SU3LA==","bbcincorp.com","https","71","0.046","-","TLSv1.3","TLS_AES_128_GCM_SHA256","Hit","HTTP/2.0","-",,"50339","0.046","Hit","text/html",,,,"2023-11-07 14:42:09.000 UTC"
"2023-11-07","15:05:22","NRT57-C2","655","219.100.194.38","HEAD","d1g8g08chul59y.cloudfront.net","/offshore/company-formation/seychelles/open-bank-account","200","-","Mozilla/5.0%20(Windows%20NT%2010.0;%20Win64;%20x64)%20AppleWebKit/537.36%20(KHTML,%20like%20Gecko)%20Chrome/119.0.0.0%20Safari/537.36","-","-","Hit","Mx4q3SNXYLSYzjf_liHDFAkdCHw8o5C_xtLqj9OcGnu4SIPrgPn-dQ==","bbcincorp.com","https","71","0.038","-","TLSv1.3","TLS_AES_128_GCM_SHA256","Hit","HTTP/2.0","-",,"52136","0.038","Hit","text/html",,,,"2023-11-07 15:05:22.000 UTC"
"2023-11-07","16:54:27","WAW51-P4","18473","45.11.60.103","GET","d1g8g08chul59y.cloudfront.net","/offshore/company-formation/seychelles/open-bank-account","200","https://www.google.com/","Mozilla/5.0%20(Windows%20NT%2010.0;%20Win64;%20x64)%20AppleWebKit/537.36%20(KHTML,%20like%20Gecko)%20Chrome/118.0.0.0%20Safari/537.36","-","-","Hit","jok0c-PBNqExrgBuqcSBNx-vyRfpeE4s1mM78yDDHFXiae3KtsT9tw==","bbcincorp.com","https","502","0.08","-","TLSv1.3","TLS_AES_128_GCM_SHA256","Hit","HTTP/2.0","-",,"60317","0.08","Hit","text/html",,,,"2023-11-07 16:54:27.000 UTC"
"2023-11-07","17:30:08","WAW51-P4","18473","149.102.244.105","GET","d1g8g08chul59y.cloudfront.net","/offshore/company-formation/seychelles/open-bank-account","200","https://www.google.com/","Mozilla/5.0%20(Linux;%20Android%2010;%20K)%20AppleWebKit/537.36%20(KHTML,%20like%20Gecko)%20Chrome/117.0.0.0%20Mobile%20Safari/537.36","-","-","Hit","ui_dD6CGscwYwTNSDMuLfUGxyVd6TfK161sCkEnvsHnc-S6kNTUY4w==","bbcincorp.com","https","518","0.075","-","TLSv1.3","TLS_AES_128_GCM_SHA256","Hit","HTTP/2.0","-",,"32240","0.075","Hit","text/html",,,,"2023-11-07 17:30:08.000 UTC"
"2023-11-07","18:02:12","IAD61-P1","18485","44.210.200.165","GET","d1g8g08chul59y.cloudfront.net","/offshore/company-formation/seychelles/open-bank-account","200","-","Mozilla/5.0%20(Linux;%20Android%208.0;%20Pixel%202%20Build/OPD3.170816.012)%20AppleWebKit/537.36%20(KHTML,%20like%20Gecko)%20Chrome/72.0.3626.121%20Mobile%20Safari/537.36%20(compatible;%20EzLynx/0.1;%20+http://www.ezoic.com/bot.html)","-","-","Hit","8i4YPvFggT-6K-mlRDuTYUDh6rpCeEWX21Pahug4Yi_6Ea5bkSNwEQ==","bbcincorp.com","https","93","0.074","-","TLSv1.3","TLS_AES_128_GCM_SHA256","Hit","HTTP/2.0","-",,"11956","0.074","Hit","text/html",,,,"2023-11-07 18:02:12.000 UTC"
"2023-11-08","00:04:48","HIO50-C1","18788","100.21.24.205","GET","d1g8g08chul59y.cloudfront.net","/offshore/company-formation/seychelles/open-bank-account","200","-","thesis-research-bot","-","-","RefreshHit","TRwFZQT7dHeLDtKNEslWGOBcoqB-oxNsnHktixuz6CC1eToMhZpO1w==","bbcincorp.com","https","177","0.194","-","TLSv1.2","ECDHE-RSA-AES128-GCM-SHA256","RefreshHit","HTTP/1.1","-",,"2669","0.193","RefreshHit","text/html",,,,"2023-11-08 00:04:48.000 UTC"
"2023-11-08","00:46:31","ORD56-P7","1555","213.180.203.19","GET","d1g8g08chul59y.cloudfront.net","/offshore/company-formation/seychelles/open-bank-account","403","-","Mozilla/5.0%20(compatible;%20YandexBot/3.0;%20+http://yandex.com/bots)","-","-","Error","vO6dcjnAmv26p8hDUuIIcv6gNgnU6jH5vEF_bXRwgotqxPNFoOrzxQ==","bbcincorp.com","https","297","0.0","-","TLSv1.3","TLS_AES_128_GCM_SHA256","Error","HTTP/1.1","-",,"59008","0.0","ClientGeoBlocked","text/html","986",,,"2023-11-08 00:46:31.000 UTC"
"2023-11-08","03:43:00","ORD56-P7","18735","40.84.180.232","GET","d1g8g08chul59y.cloudfront.net","/offshore/company-formation/seychelles/open-bank-account","200","-","Mozilla/5.0%20AppleWebKit/537.36%20(KHTML,%20like%20Gecko);%20compatible;%20ChatGPT-User/1.0;%20+https://openai.com/bot","-","-","Miss","VxPKpftrY11rGkd1b4b6e5E7Ktdf5siO3eBfYoDLXuqnClUgfWzw7A==","bbcincorp.com","https","795","0.227","10.0.45.187","TLSv1.3","TLS_AES_128_GCM_SHA256","Miss","HTTP/1.1","-",,"41200","0.181","Miss","text/html",,,,"2023-11-08 03:43:00.000 UTC"
"2023-11-08","03:43:37","JNB50-C1","18537","196.20.219.36","GET","d1g8g08chul59y.cloudfront.net","/offshore/company-formation/seychelles/open-bank-account","200","-","Mozilla/5.0%20(Macintosh;%20Intel%20Mac%20OS%20X%2010_11_1)%20AppleWebKit/601.2.4%20(KHTML,%20like%20Gecko)%20Version/9.0.1%20Safari/601.2.4%20facebookexternalhit/1.1%20Facebot%20Twitterbot/1.0","-","-","RefreshHit","pATJc5iKXvcrYeAF1u4Su2SN39y9wg-9wolh3RGmpXhYKjCNeMLfWw==","bbcincorp.com","https","318","0.35","-","TLSv1.3","TLS_AES_128_GCM_SHA256","RefreshHit","HTTP/2.0","-",,"10318","0.35","RefreshHit","text/html",,,,"2023-11-08 03:43:37.000 UTC"
"2023-11-08","03:53:55","LHR3-C2","18791","212.80.222.249","GET","d1g8g08chul59y.cloudfront.net","/offshore/company-formation/seychelles/open-bank-account","200","-","Mozilla/5.0%20(Windows%20NT%2010.0;%20Win64;%20x64)%20AppleWebKit/537.36%20(KHTML,%20like%20Gecko)%20Chrome/116.0.0.0%20Safari/537.36%20Edg/116.0.1938.69","-","-","Hit","JuAye0w21c4T6-vUvWREdATyZkprYTQBJTu7HXRVgw5DMBFK1do-xQ==","bbcincorp.com","https","468","0.047","-","TLSv1.3","TLS_AES_128_GCM_SHA256","Hit","HTTP/1.1","-",,"41267","0.047","Hit","text/html",,,,"2023-11-08 03:53:55.000 UTC"
"2023-11-08","03:53:55","OTP50-C1","19046","45.88.100.214","GET","d1g8g08chul59y.cloudfront.net","/offshore/company-formation/seychelles/open-bank-account","200","-","Mozilla/5.0%20(Windows%20NT%2010.0;%20Win64;%20x64)%20AppleWebKit/537.36%20(KHTML,%20like%20Gecko)%20Chrome/116.0.0.0%20Safari/537.3","-","-","Miss","f1verdDVFFPvkRyI34fq0fH_p69C3hAbsoJ6oTH5lernKN86gQ9LXQ==","bbcincorp.com","https","449","0.507","-","TLSv1.3","TLS_AES_128_GCM_SHA256","Miss","HTTP/1.1","-",,"45685","0.258","Miss","text/html",,,,"2023-11-08 03:53:55.000 UTC"
"2023-11-08","03:53:56","SFO5-C3","18846","168.151.199.96","GET","d1g8g08chul59y.cloudfront.net","/offshore/company-formation/seychelles/open-bank-account","200","-","Mozilla/5.0%20(Windows%20NT%2010.0;%20Win64;%20x64)%20AppleWebKit/537.36%20(KHTML,%20like%20Gecko)%20Chrome/116.0.0.0%20Safari/537.36%20Edg/116.0.1938.76","-","-","Miss","X7sGmLTQ1CqIG3UzTSgkFTWVCTkwVrIWlp_6OYWlSpLbO-QlKICtCQ==","bbcincorp.com","https","468","0.791","-","TLSv1.3","TLS_AES_128_GCM_SHA256","Miss","HTTP/1.1","-",,"33783","0.791","Miss","text/html",,,,"2023-11-08 03:53:56.000 UTC"
"2023-11-08","03:53:59","ATL59-P2","18741","66.249.66.200","GET","d1g8g08chul59y.cloudfront.net","/offshore/company-formation/seychelles/open-bank-account","200","-","Mozilla/5.0%20(compatible;%20Googlebot/2.1;%20+http://www.google.com/bot.html)","-","-","Hit","ODvlK46Ak8kdrzuIiL12jQsuJMPgFBqmgbXRCrwntcvPw6OOQ2WuBA==","bbcincorp.com","https","347","0.071","-","TLSv1.3","TLS_AES_128_GCM_SHA256","Hit","HTTP/1.1","-",,"57086","0.07","Hit","text/html",,,,"2023-11-08 03:53:59.000 UTC"
"2023-11-08","03:53:59","ATL59-P2","18748","66.249.66.199","GET","d1g8g08chul59y.cloudfront.net","/offshore/company-formation/seychelles/open-bank-account","200","-","Mozilla/5.0%20(Linux;%20Android%206.0.1;%20Nexus%205X%20Build/MMB29P)%20AppleWebKit/537.36%20(KHTML,%20like%20Gecko)%20Chrome/119.0.6045.105%20Mobile%20Safari/537.36%20(compatible;%20Googlebot/2.1;%20+http://www.google.com/bot.html)","-","-","Hit","Y95KjKcv2A5jYfmG0AqPxK2b4TyQD3Lg4oI9LW49c8zKyxU6Gb4ioA==","bbcincorp.com","https","475","0.076","-","TLSv1.3","TLS_AES_128_GCM_SHA256","Hit","HTTP/1.1","-",,"35570","0.075","Hit","text/html",,,,"2023-11-08 03:53:59.000 UTC"
"2023-11-08","09:16:55","CPT52-C1","18287","165.0.78.216","GET","d1g8g08chul59y.cloudfront.net","/offshore/company-formation/seychelles/open-bank-account","200","https://bbcincorp.com/offshore/company-formation/seychelles","Mozilla/5.0%20(Windows%20NT%2010.0;%20Win64;%20x64)%20AppleWebKit/537.36%20(KHTML,%20like%20Gecko)%20Chrome/119.0.0.0%20Safari/537.36","-","-","Miss","WQwush8Uz0DJCwsZ8JBrxCu1EIPprAw5GuY2E5KMFqAaT3sG35rIxA==","bbcincorp.com","https","83","0.4","-","TLSv1.3","TLS_AES_128_GCM_SHA256","Miss","HTTP/2.0","-",,"59583","0.4","Miss","text/html",,,,"2023-11-08 09:16:55.000 UTC"
"2023-11-08","10:16:44","LHR3-C2","18286","20.117.204.169","GET","d1g8g08chul59y.cloudfront.net","/offshore/company-formation/seychelles/open-bank-account","200","https://www.google.com/","Mozilla/5.0%20(Windows%20NT%2010.0;%20Win64;%20x64)%20AppleWebKit/537.36%20(KHTML,%20like%20Gecko)%20Chrome/119.0.0.0%20Safari/537.36%20Edg/119.0.0.0","-","-","Hit","oNM7PcVJubJ9vDVHx9KRX9GE2sZcorL7HAs43G-7zrZF8HAESslCEw==","bbcincorp.com","https","522","0.06","-","TLSv1.3","TLS_AES_128_GCM_SHA256","Hit","HTTP/2.0","-",,"1024","0.059","Hit","text/html",,,,"2023-11-08 10:16:44.000 UTC"
"2023-11-08","10:30:51","SGN50-P1","18665","115.73.219.129","GET","d1g8g08chul59y.cloudfront.net","/offshore/company-formation/seychelles/open-bank-account","200","-","Screaming%20Frog%20SEO%20Spider/19.2","-","-","Hit","NVIRXAAMrIYAMgeYDGl2VBpf6rn3hIu3-ntCn8z8A_caM-D8rMfd-g==","bbcincorp.com","https","301","0.042","-","TLSv1.3","TLS_AES_128_GCM_SHA256","Hit","HTTP/1.1","-",,"61963","0.042","Hit","text/html",,,,"2023-11-08 10:30:51.000 UTC"
"2023-11-08","10:36:08","SGN50-P1","18665","115.73.219.129","GET","d1g8g08chul59y.cloudfront.net","/offshore/company-formation/seychelles/open-bank-account","200","-","Screaming%20Frog%20SEO%20Spider/19.2","-","-","Hit","KDgppxhttd3S4sf6kjYV9kYRtPABgj9WRDAsm5YsnqyUK6dRsl8XUA==","bbcincorp.com","https","301","0.055","-","TLSv1.3","TLS_AES_128_GCM_SHA256","Hit","HTTP/1.1","-",,"62827","0.055","Hit","text/html",,,,"2023-11-08 10:36:08.000 UTC"
"2023-11-08","10:37:20","SFO5-C3","19018","23.101.206.60","GET","d1g8g08chul59y.cloudfront.net","/offshore/company-formation/seychelles/open-bank-account","200","-","DMCA.com%20Page%20Protection%20Crawling%20Service","-","-","Miss","oo7DPnmIrhLGi8ftOM6ZmA1VVZRAQ71g9XZQmcKkCpNjqJviscRDBA==","bbcincorp.com","https","181","0.449","-","TLSv1.2","ECDHE-RSA-AES128-GCM-SHA256","Miss","HTTP/1.1","-",,"14601","0.246","Miss","text/html",,,,"2023-11-08 10:37:20.000 UTC"
"2023-11-08","10:43:53","SGN50-P1","18665","115.73.219.129","GET","d1g8g08chul59y.cloudfront.net","/offshore/company-formation/seychelles/open-bank-account","200","-","Screaming%20Frog%20SEO%20Spider/19.2","-","-","Hit","yZRKD9hw1JckDENm6Ih34XC1T8n9V3DE37BQiceVVYy4N7bLeTs7ig==","bbcincorp.com","https","301","0.064","-","TLSv1.3","TLS_AES_128_GCM_SHA256","Hit","HTTP/1.1","-",,"63454","0.063","Hit","text/html",,,,"2023-11-08 10:43:53.000 UTC"
"2023-11-08","12:54:05","HIO50-C2","18627","44.230.252.91","GET","d1g8g08chul59y.cloudfront.net","/offshore/company-formation/seychelles/open-bank-account","200","-","thesis-research-bot","-","-","Miss","mqm1TevwihNUn0_5Ff3XJcWKXlFeWWYJM-dscYhSoTvbtvsSm3-bMA==","bbcincorp.com","https","177","0.272","-","TLSv1.2","ECDHE-RSA-AES128-GCM-SHA256","Miss","HTTP/1.1","-",,"21646","0.22","Miss","text/html",,,,"2023-11-08 12:54:05.000 UTC"
"2023-11-08","17:10:57","HYD57-P5","18338","172.225.137.204","GET","d1g8g08chul59y.cloudfront.net","/offshore/company-formation/seychelles/open-bank-account","200","https://bbcincorp.com/offshore/company-formation/seychelles","Mozilla/5.0%20(iPhone;%20CPU%20iPhone%20OS%2017_0_3%20like%20Mac%20OS%20X)%20AppleWebKit/605.1.15%20(KHTML,%20like%20Gecko)%20Version/17.0.1%20Mobile/15E148%20Safari/604.1","-","-","Miss","oKyFgmOH3Kwj7Svx7xKE9MLrBAIwoaE0_671kgiYl-leKZTrug5d7w==","bbcincorp.com","https","448","0.568","-","TLSv1.3","TLS_AES_128_GCM_SHA256","Miss","HTTP/2.0","-",,"16252","0.568","Miss","text/html",,,,"2023-11-08 17:10:57.000 UTC"
"2023-11-08","18:20:07","SFO5-C3","18704","69.181.109.132","GET","d1g8g08chul59y.cloudfront.net","/offshore/company-formation/seychelles/open-bank-account","200","https://www.google.com/","Mozilla/5.0%20(Windows%20NT%2010.0;%20Win64;%20x64)%20AppleWebKit/537.36%20(KHTML,%20like%20Gecko)%20Chrome/119.0.0.0%20Safari/537.36","-","-","Hit","pXmrGGL4iKbjW5-Bg8eNo3jmABAQUlUrg31kdGJkTPHaZZ7WOy99Fg==","bbcincorp.com","https","938","0.277","-","TLSv1.3","TLS_AES_128_GCM_SHA256","Hit","HTTP/2.0","-",,"12131","0.277","Hit","text/html",,,,"2023-11-08 18:20:07.000 UTC"
"2023-11-08","18:21:41","BLR50-C2","18344","223.186.48.58","GET","d1g8g08chul59y.cloudfront.net","/offshore/company-formation/seychelles/open-bank-account","200","https://bbcincorp.com/offshore/company-formation/seychelles","Mozilla/5.0%20(Macintosh;%20Intel%20Mac%20OS%20X%2010_15_7)%20AppleWebKit/537.36%20(KHTML,%20like%20Gecko)%20Chrome/116.0.0.0%20Safari/537.36","-","-","Hit","Yqpryen-E5tnMp0Lh-Vu0S5cenv4xsKgsryi5nqrQn-SA67EyhcQoQ==","bbcincorp.com","https","71","0.052","-","TLSv1.3","TLS_AES_128_GCM_SHA256","Hit","HTTP/2.0","-",,"5689","0.052","Hit","text/html",,,,"2023-11-08 18:21:41.000 UTC"
"2023-11-08","18:58:11","CDG52-P4","18410","92.88.170.56","GET","d1g8g08chul59y.cloudfront.net","/offshore/company-formation/seychelles/open-bank-account","200","https://www.google.com/","Mozilla/5.0%20(Android%2010;%20Mobile;%20rv:109.0)%20Gecko/115.0%20Firefox/115.0","-","-","Miss","fKR1y6ibqlotGZN6KqADVAAVJhRb6t0x0wzFluq8mz1G51mb0cDDLA==","bbcincorp.com","https","339","0.365","-","TLSv1.3","TLS_AES_128_GCM_SHA256","Miss","HTTP/2.0","-",,"36674","0.297","Miss","text/html",,,,"2023-11-08 18:58:11.000 UTC"
"2023-11-08","20:46:15","MXP53-P3","18390","5.88.236.60","GET","d1g8g08chul59y.cloudfront.net","/offshore/company-formation/seychelles/open-bank-account","200","https://bbcincorp.com/offshore/company-formation/seychelles","Mozilla/5.0%20(Windows%20NT%2010.0;%20Win64;%20x64;%20rv:109.0)%20Gecko/20100101%20Firefox/119.0","-","-","Hit","2shjuLRoAwgrM_PCx597BRktfMTiXZ08mdJJDDBKj95Em10Lz5mFKg==","bbcincorp.com","https","1695","0.035","-","TLSv1.3","TLS_AES_128_GCM_SHA256","Hit","HTTP/2.0","-",,"15990","0.035","Hit","text/html",,,,"2023-11-08 20:46:15.000 UTC"
"2023-11-08","21:00:33","MXP53-P3","18390","5.88.236.60","GET","d1g8g08chul59y.cloudfront.net","/offshore/company-formation/seychelles/open-bank-account","200","https://bbcincorp.com/offshore/company-formation/seychelles","Mozilla/5.0%20(Windows%20NT%2010.0;%20Win64;%20x64;%20rv:109.0)%20Gecko/20100101%20Firefox/119.0","-","-","Hit","8XuevaxRyXNWiXiE6FZEgSgHRnvpYu0YLaUrzoMaZWmoftDrkFQ0mg==","bbcincorp.com","https","1720","0.041","-","TLSv1.3","TLS_AES_128_GCM_SHA256","Hit","HTTP/2.0","-",,"15990","0.041","Hit","text/html",,,,"2023-11-08 21:00:33.000 UTC"
"2023-11-08","21:22:01","ATL59-P2","18566","66.249.66.200","GET","d1g8g08chul59y.cloudfront.net","/offshore/company-formation/seychelles/open-bank-account","200","-","Mozilla/5.0%20(Linux;%20Android%206.0.1;%20Nexus%205X%20Build/MMB29P)%20AppleWebKit/537.36%20(KHTML,%20like%20Gecko)%20Chrome/119.0.6045.105%20Mobile%20Safari/537.36%20(compatible;%20Googlebot/2.1;%20+http://www.google.com/bot.html)","-","-","Miss","4Ta7xJCvXFguEF9xgKLqz2ZfU6ws5M71ekx8PIrWr2Ma1vd7sB2l7Q==","bbcincorp.com","https","596","0.26","-","TLSv1.3","TLS_AES_128_GCM_SHA256","Miss","HTTP/1.1","-",,"56912","0.26","Miss","text/html",,,,"2023-11-08 21:22:01.000 UTC"
"2023-11-08","22:05:40","ATL59-P2","18576","66.249.66.200","GET","d1g8g08chul59y.cloudfront.net","/offshore/company-formation/seychelles/open-bank-account","200","-","Mozilla/5.0%20(compatible;%20Googlebot/2.1;%20+http://www.google.com/bot.html)","-","-","Hit","g3Nf4VX6zdV0m1a2At4BWQ3jvCArOAttZzW29cR4ORotRZJQgdvmSA==","bbcincorp.com","https","430","0.052","-","TLSv1.3","TLS_AES_128_GCM_SHA256","Hit","HTTP/1.1","-",,"36842","0.052","Hit","text/html",,,,"2023-11-08 22:05:40.000 UTC"
"2023-11-08","22:09:52","ZAG50-C1","18393","109.165.197.156","GET","d1g8g08chul59y.cloudfront.net","/offshore/company-formation/seychelles/open-bank-account","200","https://www.google.com/","Mozilla/5.0%20(Windows%20NT%2010.0;%20Win64;%20x64)%20AppleWebKit/537.36%20(KHTML,%20like%20Gecko)%20Chrome/118.0.0.0%20Safari/537.36","-","-","Hit","CNPzTyHYx_Mz48YdYAzwCxMpdmNtxxDMcH10xd-nLnUBjTUQhjUwew==","bbcincorp.com","https","533","0.058","-","TLSv1.3","TLS_AES_128_GCM_SHA256","Hit","HTTP/2.0","-",,"55392","0.058","Hit","text/html",,,,"2023-11-08 22:09:52.000 UTC"
"2023-11-08","22:18:19","MRS52-C1","18565","185.5.48.29","GET","d1g8g08chul59y.cloudfront.net","/offshore/company-formation/seychelles/open-bank-account","200","https://www.google.com/","Mozilla/5.0%20(Windows%20NT%2010.0;%20Win64;%20x64;%20rv:109.0)%20Gecko/20100101%20Firefox/118.0","-","-","Miss","c6TzXyG6Rb3Gr6tggw9EYP0M9hvHBB1UvgG0t7x1BnDUKdHb77kVZQ==","bbcincorp.com","https","354","0.591","-","TLSv1.3","TLS_AES_128_GCM_SHA256","Miss","HTTP/2.0","-",,"9683","0.449","Miss","text/html",,,,"2023-11-08 22:18:19.000 UTC"
"2023-11-08","22:33:26","ATL59-P2","18576","66.249.66.193","GET","d1g8g08chul59y.cloudfront.net","/offshore/company-formation/seychelles/open-bank-account","200","-","Mozilla/5.0%20(compatible;%20Googlebot/2.1;%20+http://www.google.com/bot.html)","-","-","Hit","py6U0s-zp9rglmo_VuJ2P9DNEVM_SDAAOS9cEFbM02JJNSg5FgMu-A==","bbcincorp.com","https","430","0.069","-","TLSv1.3","TLS_AES_128_GCM_SHA256","Hit","HTTP/1.1","-",,"64740","0.069","Hit","text/html",,,,"2023-11-08 22:33:26.000 UTC"
